{
 "index":{
  "map":{
   "AllinOne":0,
   "AllinOne:2":0,
   "AllinOne:6":0,
   "AllinOne:11":0,
   "AllinOne:18":0,
   "AllinOne:24":0,
   "AllinOne:48":0,
   "AllinOne:54":0,
   "AllinOne:59":0,
   "AllinOne:64":0,
   "AllinOne:69":0,
   "AllinOne:74":0,
   "AllinOne:89":0,
   "AllinOne:91":0,
   "AllinOne:93":0,
   "AllinOne:95":0,
   "AllinOne:99":0,
   "AllinOne:100":0,
   "AllinOne:101":0,
   "AllinOne:102":0,
   "AllinOne:103":0,
   "AllinOne:104":0,
   "AllinOne:64#out:1":0,
   "AllinOne:48#out:1":0,
   "AllinOne:11#out:3":0,
   "AllinOne:54#out:1":0,
   "AllinOne:18#out:3":0,
   "AllinOne:59#out:1":0,
   "AllinOne:24#out:3":0,
   "AllinOne:69#out:1":0,
   "AllinOne:18#out:1":0,
   "AllinOne:11#out:1":0,
   "AllinOne:24#out:1":0,
   "AllinOne:89#out:1":0,
   "AllinOne:74#out:1":0,
   "AllinOne:2#out:1":0,
   "AllinOne:54#out:2":0,
   "AllinOne:48#out:2":0,
   "AllinOne:59#out:2":0,
   "AllinOne:91#out:6":0,
   "AllinOne:91#out:1":0,
   "AllinOne:91#out:2":0,
   "AllinOne:91#out:3":0,
   "AllinOne:18#out:2":0,
   "AllinOne:11#out:2":0,
   "AllinOne:24#out:2":0,
   "AllinOne:91#out:4":0,
   "AllinOne:95#out:1":0,
   "AllinOne:74#out:2":0,
   "AllinOne:2#out:2":0,
   "AllinOne:2#out:3":0,
   "AllinOne:6#out:2":0,
   "AllinOne:6#out:3":0,
   "AllinOne:91#out:5":0,
   "AllinOne:93#out:1":0,
   "AllinOne:6#out:1":0,
   "AllinOne:104#out:1":0,
   "AllinOne:101#out:1":0,
   "AllinOne:102#out:1":0,
   "AllinOne:103#out:1":0,
   "AllinOne:99#out:1":0
  },
  "url":[
   "support/slwebview_files/AllinOne.json"
  ]
 },
 "homeHid":"1",
 "hasInformer":0,
 "optViews":[
 ],
 "hier":[
  {
   "name":"AllinOne",
   "fullname":"AllinOne",
   "sid":"AllinOne",
   "icon":"ModelBrowser_ModelTop_16",
   "hid":"1",
   "lid":"AllinOne",
   "parent":"root",
   "src":"support/slwebview_files/AllinOne.svg",
   "thumbnail":"support/slwebview_files/AllinOne.png"
  }
 ]
}