[
 {
  "id":"AllinOne:282",
  "name":"Chart",
  "parent":"AllinOne:2",
  "inspector":{
   "params":[
    "ActionLanguage",
    "StateMachineType",
    "ChartUpdate",
    "RegisterExportedFunctionsWithSimulink",
    "ExecuteAtInitialization",
    "InitializeOutput",
    "EnableNonTerminalStates",
    "supportVariableSizing",
    "SaturateOnIntegerOverflow",
    "OnEntry",
    "Locked",
    "EmlDefaultFimath",
    "TreatAsFi",
    "Description",
    "Document"
   ],
   "values":[
    "MATLAB",
    "Classic",
    "INHERITED",
    0,
    1,
    1,
    0,
    1,
    1,
    0,
    0,
    "Same as MATLAB Default",
    "Fixed-point",
    "",
    ""
   ],
   "tabs":[
    "General",
    "Fixed-point properties",
    "Documentation"
   ],
   "tabs_idx":[
    0,
    11,
    13
   ]
  },
  "viewer":{
   "jshandler":"webview/handlers/ContainerHandler",
   "trgSid":"AllinOne:282"
  },
  "obj_viewer":[
  ]
 },
 {
  "id":"AllinOne:281",
  "name":"GetCup",
  "parent":"AllinOne:2",
  "inspector":{
   "params":[
    "Port",
    "IconDisplay",
    "Interpolate",
    "OutputFunctionCall",
    "OutMin",
    "OutMax",
    "OutDataTypeStr",
    "LockScale",
    "PortDimensions",
    "VarSizeSig",
    "SampleTime",
    "SignalType",
    "SamplingMode",
    "BusOutputAsStruct",
    "LatchByDelayingOutsideSignal",
    "LatchInputForFeedbackSignals"
   ],
   "values":[
    "1",
    "Port number",
    "on",
    "off",
    "[]",
    "[]",
    "Inherit: auto",
    "off",
    "-1",
    "Inherit",
    "-1",
    "auto",
    "auto",
    "off",
    "off",
    "off"
   ],
   "tabs":[
    "Main",
    "Signal Attributes",
    "-Other"
   ],
   "tabs_idx":[
    0,
    3,
    13
   ]
  },
  "viewer":{
   "jshandler":"webview/handlers/ElementHandler"
  },
  "obj_viewer":[
  ]
 },
 {
  "id":"AllinOne:288",
  "name":"CupRemain",
  "parent":"AllinOne:2",
  "inspector":{
   "params":[
    "Port",
    "IconDisplay",
    "OutMin",
    "OutMax",
    "OutDataTypeStr",
    "LockScale",
    "PortDimensions",
    "VarSizeSig",
    "SampleTime",
    "SignalType",
    "SamplingMode",
    "BusOutputAsStruct",
    "InitialOutput",
    "OutputWhenDisabled",
    "SourceOfInitialOutputValue"
   ],
   "values":[
    "3",
    "Port number",
    "[]",
    "[]",
    "Inherit: auto",
    "off",
    "-1",
    "Inherit",
    "-1",
    "auto",
    "auto",
    "off",
    "[]",
    "held",
    "Dialog"
   ],
   "tabs":[
    "Main",
    "Signal Attributes",
    "-Other"
   ],
   "tabs_idx":[
    0,
    2,
    11
   ]
  },
  "viewer":{
   "jshandler":"webview/handlers/ElementHandler"
  },
  "obj_viewer":[
  ]
 },
 {
  "id":"AllinOne:287",
  "name":"FeedFinishEvent",
  "parent":"AllinOne:2",
  "inspector":{
   "params":[
    "Port",
    "IconDisplay",
    "OutMin",
    "OutMax",
    "OutDataTypeStr",
    "LockScale",
    "PortDimensions",
    "VarSizeSig",
    "SampleTime",
    "SignalType",
    "SamplingMode",
    "BusOutputAsStruct",
    "InitialOutput",
    "OutputWhenDisabled",
    "SourceOfInitialOutputValue"
   ],
   "values":[
    "2",
    "Port number",
    "[]",
    "[]",
    "Inherit: auto",
    "off",
    "-1",
    "Inherit",
    "-1",
    "auto",
    "auto",
    "off",
    "[]",
    "held",
    "Dialog"
   ],
   "tabs":[
    "Main",
    "Signal Attributes",
    "-Other"
   ],
   "tabs_idx":[
    0,
    2,
    11
   ]
  },
  "viewer":{
   "jshandler":"webview/handlers/ElementHandler"
  },
  "obj_viewer":[
  ]
 },
 {
  "id":"AllinOne:286",
  "name":"JustaCup",
  "parent":"AllinOne:2",
  "inspector":{
   "params":[
    "Port",
    "IconDisplay",
    "OutMin",
    "OutMax",
    "OutDataTypeStr",
    "LockScale",
    "PortDimensions",
    "VarSizeSig",
    "SampleTime",
    "SignalType",
    "SamplingMode",
    "BusOutputAsStruct",
    "InitialOutput",
    "OutputWhenDisabled",
    "SourceOfInitialOutputValue"
   ],
   "values":[
    "1",
    "Port number",
    "[]",
    "[]",
    "Inherit: auto",
    "off",
    "-1",
    "Inherit",
    "-1",
    "auto",
    "auto",
    "off",
    "[]",
    "held",
    "Dialog"
   ],
   "tabs":[
    "Main",
    "Signal Attributes",
    "-Other"
   ],
   "tabs_idx":[
    0,
    2,
    11
   ]
  },
  "viewer":{
   "jshandler":"webview/handlers/ElementHandler"
  },
  "obj_viewer":[
  ]
 },
 {
  "id":"AllinOne:285",
  "name":"Tick",
  "parent":"AllinOne:2",
  "inspector":{
   "params":[
    "PulseType",
    "TimeSource",
    "Amplitude",
    "Period",
    "PulseWidth",
    "PhaseDelay",
    "VectorParams1D",
    "SampleTime"
   ],
   "values":[
    "Time based",
    "Use simulation time",
    "1",
    "0.01",
    "50",
    "0",
    "on",
    "1"
   ],
   "tabs":[
    "Parameter Attributes",
    "-Other"
   ],
   "tabs_idx":[
    0,
    7
   ]
  },
  "viewer":{
   "jshandler":"webview/handlers/ElementHandler"
  },
  "obj_viewer":[
  ]
 },
 {
  "id":"AllinOne:283",
  "name":"Data Type Conversion",
  "parent":"AllinOne:2",
  "inspector":{
   "params":[
    "OutMin",
    "OutMax",
    "OutDataTypeStr",
    "LockScale",
    "ConvertRealWorld",
    "RndMeth",
    "SaturateOnIntegerOverflow",
    "SampleTime"
   ],
   "values":[
    "[]",
    "[]",
    "boolean",
    "off",
    "Real World Value (RWV)",
    "Floor",
    "off",
    "-1"
   ],
   "tabs":[
   ],
   "tabs_idx":[
   ]
  },
  "viewer":{
   "jshandler":"webview/handlers/ElementHandler"
  },
  "obj_viewer":[
  ]
 },
 {
  "id":"AllinOne:284",
  "name":"Mux",
  "parent":"AllinOne:2",
  "inspector":{
   "params":[
    "Inputs",
    "DisplayOption"
   ],
   "values":[
    "2",
    "bar"
   ],
   "tabs":[
   ],
   "tabs_idx":[
   ]
  },
  "viewer":{
   "jshandler":"webview/handlers/ElementHandler"
  },
  "obj_viewer":[
  ]
 },
 {
  "id":"AllinOne:282#out:1",
  "name":"",
  "parent":"AllinOne:2",
  "inspector":{
   "params":[
    "SignalNameFromLabel",
    "MustResolveToSignal",
    "ShowPropagatedSignal",
    "DataLogging",
    "TestPoint",
    "SignalObjectPackage",
    "StorageClass",
    "Description",
    "documentLink"
   ],
   "values":[
    "",
    "off",
    "off",
    "off",
    "off",
    "--- None ---",
    "Auto",
    "",
    ""
   ],
   "tabs":[
    "Logging and accessibility",
    "Code Generation",
    "Documentation"
   ],
   "tabs_idx":[
    3,
    5,
    7
   ]
  },
  "viewer":{
   "jshandler":"webview/handlers/ElementHandler"
  },
  "obj_viewer":[
  ]
 },
 {
  "id":"AllinOne:282#out:2",
  "name":"",
  "parent":"AllinOne:2",
  "inspector":{
   "params":[
    "SignalNameFromLabel",
    "MustResolveToSignal",
    "ShowPropagatedSignal",
    "DataLogging",
    "TestPoint",
    "SignalObjectPackage",
    "StorageClass",
    "Description",
    "documentLink"
   ],
   "values":[
    "",
    "off",
    "off",
    "off",
    "off",
    "--- None ---",
    "Auto",
    "",
    ""
   ],
   "tabs":[
    "Logging and accessibility",
    "Code Generation",
    "Documentation"
   ],
   "tabs_idx":[
    3,
    5,
    7
   ]
  },
  "viewer":{
   "jshandler":"webview/handlers/ElementHandler"
  },
  "obj_viewer":[
  ]
 },
 {
  "id":"AllinOne:282#out:3",
  "name":"",
  "parent":"AllinOne:2",
  "inspector":{
   "params":[
    "SignalNameFromLabel",
    "MustResolveToSignal",
    "ShowPropagatedSignal",
    "DataLogging",
    "TestPoint",
    "SignalObjectPackage",
    "StorageClass",
    "Description",
    "documentLink"
   ],
   "values":[
    "",
    "off",
    "off",
    "off",
    "off",
    "--- None ---",
    "Auto",
    "",
    ""
   ],
   "tabs":[
    "Logging and accessibility",
    "Code Generation",
    "Documentation"
   ],
   "tabs_idx":[
    3,
    5,
    7
   ]
  },
  "viewer":{
   "jshandler":"webview/handlers/ElementHandler"
  },
  "obj_viewer":[
  ]
 },
 {
  "id":"AllinOne:281#out:1",
  "name":"",
  "parent":"AllinOne:2",
  "inspector":{
   "params":[
    "SignalNameFromLabel",
    "MustResolveToSignal",
    "ShowPropagatedSignal",
    "DataLogging",
    "TestPoint",
    "SignalObjectPackage",
    "StorageClass",
    "Description",
    "documentLink"
   ],
   "values":[
    "",
    "off",
    "off",
    "off",
    "off",
    "--- None ---",
    "Auto",
    "",
    ""
   ],
   "tabs":[
    "Logging and accessibility",
    "Code Generation",
    "Documentation"
   ],
   "tabs_idx":[
    3,
    5,
    7
   ]
  },
  "viewer":{
   "jshandler":"webview/handlers/ElementHandler"
  },
  "obj_viewer":[
  ]
 },
 {
  "id":"AllinOne:285#out:1",
  "name":"",
  "parent":"AllinOne:2",
  "inspector":{
   "params":[
    "SignalNameFromLabel",
    "MustResolveToSignal",
    "ShowPropagatedSignal",
    "DataLogging",
    "TestPoint",
    "SignalObjectPackage",
    "StorageClass",
    "Description",
    "documentLink"
   ],
   "values":[
    "",
    "off",
    "off",
    "off",
    "off",
    "--- None ---",
    "Auto",
    "",
    ""
   ],
   "tabs":[
    "Logging and accessibility",
    "Code Generation",
    "Documentation"
   ],
   "tabs_idx":[
    3,
    5,
    7
   ]
  },
  "viewer":{
   "jshandler":"webview/handlers/ElementHandler"
  },
  "obj_viewer":[
  ]
 },
 {
  "id":"AllinOne:284#out:1",
  "name":"",
  "parent":"AllinOne:2",
  "inspector":{
   "params":[
    "SignalNameFromLabel",
    "MustResolveToSignal",
    "ShowPropagatedSignal",
    "DataLogging",
    "TestPoint",
    "SignalObjectPackage",
    "StorageClass",
    "Description",
    "documentLink"
   ],
   "values":[
    "",
    "off",
    "off",
    "off",
    "off",
    "--- None ---",
    "Auto",
    "",
    ""
   ],
   "tabs":[
    "Logging and accessibility",
    "Code Generation",
    "Documentation"
   ],
   "tabs_idx":[
    3,
    5,
    7
   ]
  },
  "viewer":{
   "jshandler":"webview/handlers/ElementHandler"
  },
  "obj_viewer":[
  ]
 },
 {
  "id":"AllinOne:283#out:1",
  "name":"",
  "parent":"AllinOne:2",
  "inspector":{
   "params":[
    "SignalNameFromLabel",
    "MustResolveToSignal",
    "ShowPropagatedSignal",
    "DataLogging",
    "TestPoint",
    "SignalObjectPackage",
    "StorageClass",
    "Description",
    "documentLink"
   ],
   "values":[
    "",
    "off",
    "off",
    "off",
    "off",
    "--- None ---",
    "Auto",
    "",
    ""
   ],
   "tabs":[
    "Logging and accessibility",
    "Code Generation",
    "Documentation"
   ],
   "tabs_idx":[
    3,
    5,
    7
   ]
  },
  "viewer":{
   "jshandler":"webview/handlers/ElementHandler"
  },
  "obj_viewer":[
  ]
 }
]