[
 {
  "id":"AllinOne:256",
  "name":"Chart",
  "parent":"AllinOne:18",
  "inspector":{
   "params":[
    "ActionLanguage",
    "StateMachineType",
    "ChartUpdate",
    "RegisterExportedFunctionsWithSimulink",
    "ExecuteAtInitialization",
    "InitializeOutput",
    "EnableNonTerminalStates",
    "supportVariableSizing",
    "SaturateOnIntegerOverflow",
    "HasOutputData",
    "OnEntry",
    "Locked",
    "EmlDefaultFimath",
    "TreatAsFi",
    "Description",
    "Document"
   ],
   "values":[
    "MATLAB",
    "Classic",
    "INHERITED",
    0,
    1,
    0,
    0,
    1,
    1,
    0,
    0,
    0,
    "Same as MATLAB Default",
    "Fixed-point",
    "",
    ""
   ],
   "tabs":[
    "General",
    "Fixed-point properties",
    "Documentation"
   ],
   "tabs_idx":[
    0,
    12,
    14
   ]
  },
  "viewer":{
   "jshandler":"webview/handlers/ContainerHandler",
   "trgSid":"AllinOne:256"
  },
  "obj_viewer":[
  ]
 },
 {
  "id":"AllinOne:254",
  "name":"InFlow",
  "parent":"AllinOne:18",
  "inspector":{
   "params":[
    "Port",
    "IconDisplay",
    "Interpolate",
    "OutputFunctionCall",
    "OutMin",
    "OutMax",
    "OutDataTypeStr",
    "LockScale",
    "PortDimensions",
    "VarSizeSig",
    "SampleTime",
    "SignalType",
    "SamplingMode",
    "BusOutputAsStruct",
    "LatchByDelayingOutsideSignal",
    "LatchInputForFeedbackSignals"
   ],
   "values":[
    "1",
    "Port number",
    "on",
    "off",
    "[]",
    "[]",
    "Inherit: auto",
    "off",
    "-1",
    "Inherit",
    "-1",
    "auto",
    "auto",
    "off",
    "off",
    "off"
   ],
   "tabs":[
    "Main",
    "Signal Attributes",
    "-Other"
   ],
   "tabs_idx":[
    0,
    3,
    13
   ]
  },
  "viewer":{
   "jshandler":"webview/handlers/ElementHandler"
  },
  "obj_viewer":[
  ]
 },
 {
  "id":"AllinOne:260",
  "name":"OutFlow",
  "parent":"AllinOne:18",
  "inspector":{
   "params":[
    "Port",
    "IconDisplay",
    "OutMin",
    "OutMax",
    "OutDataTypeStr",
    "LockScale",
    "PortDimensions",
    "VarSizeSig",
    "SampleTime",
    "SignalType",
    "SamplingMode",
    "BusOutputAsStruct",
    "InitialOutput",
    "OutputWhenDisabled",
    "SourceOfInitialOutputValue"
   ],
   "values":[
    "1",
    "Port number",
    "[]",
    "[]",
    "Inherit: auto",
    "off",
    "-1",
    "Inherit",
    "-1",
    "auto",
    "auto",
    "off",
    "[]",
    "held",
    "Dialog"
   ],
   "tabs":[
    "Main",
    "Signal Attributes",
    "-Other"
   ],
   "tabs_idx":[
    0,
    2,
    11
   ]
  },
  "viewer":{
   "jshandler":"webview/handlers/ElementHandler"
  },
  "obj_viewer":[
  ]
 },
 {
  "id":"AllinOne:261",
  "name":"CoffeeDoserEvent",
  "parent":"AllinOne:18",
  "inspector":{
   "params":[
    "Port",
    "IconDisplay",
    "OutMin",
    "OutMax",
    "OutDataTypeStr",
    "LockScale",
    "PortDimensions",
    "VarSizeSig",
    "SampleTime",
    "SignalType",
    "SamplingMode",
    "BusOutputAsStruct",
    "InitialOutput",
    "OutputWhenDisabled",
    "SourceOfInitialOutputValue"
   ],
   "values":[
    "2",
    "Port number",
    "[]",
    "[]",
    "Inherit: auto",
    "off",
    "-1",
    "Inherit",
    "-1",
    "auto",
    "auto",
    "off",
    "[]",
    "held",
    "Dialog"
   ],
   "tabs":[
    "Main",
    "Signal Attributes",
    "-Other"
   ],
   "tabs_idx":[
    0,
    2,
    11
   ]
  },
  "viewer":{
   "jshandler":"webview/handlers/ElementHandler"
  },
  "obj_viewer":[
  ]
 },
 {
  "id":"AllinOne:255",
  "name":"SettingAmount",
  "parent":"AllinOne:18",
  "inspector":{
   "params":[
    "Port",
    "IconDisplay",
    "Interpolate",
    "OutputFunctionCall",
    "OutMin",
    "OutMax",
    "OutDataTypeStr",
    "LockScale",
    "PortDimensions",
    "VarSizeSig",
    "SampleTime",
    "SignalType",
    "SamplingMode",
    "BusOutputAsStruct",
    "LatchByDelayingOutsideSignal",
    "LatchInputForFeedbackSignals"
   ],
   "values":[
    "2",
    "Port number",
    "on",
    "off",
    "[]",
    "[]",
    "Inherit: auto",
    "off",
    "-1",
    "Inherit",
    "-1",
    "auto",
    "auto",
    "off",
    "off",
    "off"
   ],
   "tabs":[
    "Main",
    "Signal Attributes",
    "-Other"
   ],
   "tabs_idx":[
    0,
    3,
    13
   ]
  },
  "viewer":{
   "jshandler":"webview/handlers/ElementHandler"
  },
  "obj_viewer":[
  ]
 },
 {
  "id":"AllinOne:262",
  "name":"FlowControl",
  "parent":"AllinOne:18",
  "inspector":{
   "params":[
    "Port",
    "IconDisplay",
    "OutMin",
    "OutMax",
    "OutDataTypeStr",
    "LockScale",
    "PortDimensions",
    "VarSizeSig",
    "SampleTime",
    "SignalType",
    "SamplingMode",
    "BusOutputAsStruct",
    "InitialOutput",
    "OutputWhenDisabled",
    "SourceOfInitialOutputValue"
   ],
   "values":[
    "3",
    "Port number",
    "[]",
    "[]",
    "Inherit: auto",
    "off",
    "-1",
    "Inherit",
    "-1",
    "auto",
    "auto",
    "off",
    "[]",
    "held",
    "Dialog"
   ],
   "tabs":[
    "Main",
    "Signal Attributes",
    "-Other"
   ],
   "tabs_idx":[
    0,
    2,
    11
   ]
  },
  "viewer":{
   "jshandler":"webview/handlers/ElementHandler"
  },
  "obj_viewer":[
  ]
 },
 {
  "id":"AllinOne:258",
  "name":"Integrator",
  "parent":"AllinOne:18",
  "inspector":{
   "params":[
    "ExternalReset",
    "InitialConditionSource",
    "InitialCondition",
    "LimitOutput",
    "ShowSaturationPort",
    "ShowStatePort",
    "AbsoluteTolerance",
    "IgnoreLimit",
    "ZeroCross",
    "ContinuousStateAttributes",
    "LowerSaturationLimit",
    "UpperSaturationLimit"
   ],
   "values":[
    "rising",
    "internal",
    "0",
    "off",
    "off",
    "off",
    "auto",
    "off",
    "on",
    "''",
    "-inf",
    "inf"
   ],
   "tabs":[
    "Parameter Attributes",
    "-Other"
   ],
   "tabs_idx":[
    0,
    10
   ]
  },
  "viewer":{
   "jshandler":"webview/handlers/ElementHandler"
  },
  "obj_viewer":[
  ]
 },
 {
  "id":"AllinOne:259",
  "name":"Tick",
  "parent":"AllinOne:18",
  "inspector":{
   "params":[
    "PulseType",
    "TimeSource",
    "Amplitude",
    "Period",
    "PulseWidth",
    "PhaseDelay",
    "VectorParams1D",
    "SampleTime"
   ],
   "values":[
    "Time based",
    "Use simulation time",
    "1",
    "0.01",
    "50",
    "0",
    "on",
    "1"
   ],
   "tabs":[
    "Parameter Attributes",
    "-Other"
   ],
   "tabs_idx":[
    0,
    7
   ]
  },
  "viewer":{
   "jshandler":"webview/handlers/ElementHandler"
  },
  "obj_viewer":[
  ]
 },
 {
  "id":"AllinOne:257",
  "name":"Data Type Conversion",
  "parent":"AllinOne:18",
  "inspector":{
   "params":[
    "OutMin",
    "OutMax",
    "OutDataTypeStr",
    "LockScale",
    "ConvertRealWorld",
    "RndMeth",
    "SaturateOnIntegerOverflow",
    "SampleTime"
   ],
   "values":[
    "[]",
    "[]",
    "boolean",
    "off",
    "Real World Value (RWV)",
    "Floor",
    "off",
    "-1"
   ],
   "tabs":[
   ],
   "tabs_idx":[
   ]
  },
  "viewer":{
   "jshandler":"webview/handlers/ElementHandler"
  },
  "obj_viewer":[
  ]
 },
 {
  "id":"AllinOne:410",
  "name":"Memory",
  "parent":"AllinOne:18",
  "inspector":{
   "params":[
    "X0",
    "InheritSampleTime",
    "LinearizeMemory",
    "LinearizeAsDelay",
    "StateIdentifier",
    "RTWStateStorageTypeQualifier",
    "StateMustResolveToSignalObject",
    "StateSignalObject",
    "StateStorageClass"
   ],
   "values":[
    "0",
    "off",
    "off",
    "off",
    "",
    "",
    "off",
    [
    ],
    "Auto"
   ],
   "tabs":[
    "Main",
    "State Attributes",
    "-Other"
   ],
   "tabs_idx":[
    0,
    4,
    5
   ]
  },
  "viewer":{
   "jshandler":"webview/handlers/ElementHandler"
  },
  "obj_viewer":[
  ]
 },
 {
  "id":"AllinOne:255#out:1",
  "name":"",
  "parent":"AllinOne:18",
  "inspector":{
   "params":[
    "SignalNameFromLabel",
    "MustResolveToSignal",
    "ShowPropagatedSignal",
    "DataLogging",
    "TestPoint",
    "SignalObjectPackage",
    "StorageClass",
    "Description",
    "documentLink"
   ],
   "values":[
    "",
    "off",
    "off",
    "off",
    "off",
    "--- None ---",
    "Auto",
    "",
    ""
   ],
   "tabs":[
    "Logging and accessibility",
    "Code Generation",
    "Documentation"
   ],
   "tabs_idx":[
    3,
    5,
    7
   ]
  },
  "viewer":{
   "jshandler":"webview/handlers/ElementHandler"
  },
  "obj_viewer":[
  ]
 },
 {
  "id":"AllinOne:256#out:1",
  "name":"",
  "parent":"AllinOne:18",
  "inspector":{
   "params":[
    "SignalNameFromLabel",
    "MustResolveToSignal",
    "ShowPropagatedSignal",
    "DataLogging",
    "TestPoint",
    "SignalObjectPackage",
    "StorageClass",
    "Description",
    "documentLink"
   ],
   "values":[
    "",
    "off",
    "off",
    "off",
    "off",
    "--- None ---",
    "Auto",
    "",
    ""
   ],
   "tabs":[
    "Logging and accessibility",
    "Code Generation",
    "Documentation"
   ],
   "tabs_idx":[
    3,
    5,
    7
   ]
  },
  "viewer":{
   "jshandler":"webview/handlers/ElementHandler"
  },
  "obj_viewer":[
  ]
 },
 {
  "id":"AllinOne:254#out:1",
  "name":"",
  "parent":"AllinOne:18",
  "inspector":{
   "params":[
    "SignalNameFromLabel",
    "MustResolveToSignal",
    "ShowPropagatedSignal",
    "DataLogging",
    "TestPoint",
    "SignalObjectPackage",
    "StorageClass",
    "Description",
    "documentLink"
   ],
   "values":[
    "",
    "off",
    "off",
    "off",
    "off",
    "--- None ---",
    "Auto",
    "",
    ""
   ],
   "tabs":[
    "Logging and accessibility",
    "Code Generation",
    "Documentation"
   ],
   "tabs_idx":[
    3,
    5,
    7
   ]
  },
  "viewer":{
   "jshandler":"webview/handlers/ElementHandler"
  },
  "obj_viewer":[
  ]
 },
 {
  "id":"AllinOne:256#out:2",
  "name":"",
  "parent":"AllinOne:18",
  "inspector":{
   "params":[
    "SignalNameFromLabel",
    "MustResolveToSignal",
    "ShowPropagatedSignal",
    "DataLogging",
    "TestPoint",
    "SignalObjectPackage",
    "StorageClass",
    "Description",
    "documentLink"
   ],
   "values":[
    "",
    "off",
    "off",
    "off",
    "off",
    "--- None ---",
    "Auto",
    "",
    ""
   ],
   "tabs":[
    "Logging and accessibility",
    "Code Generation",
    "Documentation"
   ],
   "tabs_idx":[
    3,
    5,
    7
   ]
  },
  "viewer":{
   "jshandler":"webview/handlers/ElementHandler"
  },
  "obj_viewer":[
  ]
 },
 {
  "id":"AllinOne:258#out:1",
  "name":"OutLiquid",
  "parent":"AllinOne:18",
  "inspector":{
   "params":[
    "SignalNameFromLabel",
    "MustResolveToSignal",
    "ShowPropagatedSignal",
    "DataLogging",
    "TestPoint",
    "SignalObjectPackage",
    "StorageClass",
    "Description",
    "documentLink"
   ],
   "values":[
    "OutLiquid",
    "off",
    "off",
    "off",
    "off",
    "--- None ---",
    "Auto",
    "",
    ""
   ],
   "tabs":[
    "Logging and accessibility",
    "Code Generation",
    "Documentation"
   ],
   "tabs_idx":[
    3,
    5,
    7
   ]
  },
  "viewer":{
   "jshandler":"webview/handlers/ElementHandler"
  },
  "obj_viewer":[
  ]
 },
 {
  "id":"AllinOne:259#out:1",
  "name":"",
  "parent":"AllinOne:18",
  "inspector":{
   "params":[
    "SignalNameFromLabel",
    "MustResolveToSignal",
    "ShowPropagatedSignal",
    "DataLogging",
    "TestPoint",
    "SignalObjectPackage",
    "StorageClass",
    "Description",
    "documentLink"
   ],
   "values":[
    "",
    "off",
    "off",
    "off",
    "off",
    "--- None ---",
    "Auto",
    "",
    ""
   ],
   "tabs":[
    "Logging and accessibility",
    "Code Generation",
    "Documentation"
   ],
   "tabs_idx":[
    3,
    5,
    7
   ]
  },
  "viewer":{
   "jshandler":"webview/handlers/ElementHandler"
  },
  "obj_viewer":[
  ]
 },
 {
  "id":"AllinOne:257#out:1",
  "name":"",
  "parent":"AllinOne:18",
  "inspector":{
   "params":[
    "SignalNameFromLabel",
    "MustResolveToSignal",
    "ShowPropagatedSignal",
    "DataLogging",
    "TestPoint",
    "SignalObjectPackage",
    "StorageClass",
    "Description",
    "documentLink"
   ],
   "values":[
    "",
    "off",
    "off",
    "off",
    "off",
    "--- None ---",
    "Auto",
    "",
    ""
   ],
   "tabs":[
    "Logging and accessibility",
    "Code Generation",
    "Documentation"
   ],
   "tabs_idx":[
    3,
    5,
    7
   ]
  },
  "viewer":{
   "jshandler":"webview/handlers/ElementHandler"
  },
  "obj_viewer":[
  ]
 },
 {
  "id":"AllinOne:410#out:1",
  "name":"",
  "parent":"AllinOne:18",
  "inspector":{
   "params":[
    "SignalNameFromLabel",
    "MustResolveToSignal",
    "ShowPropagatedSignal",
    "DataLogging",
    "TestPoint",
    "SignalObjectPackage",
    "StorageClass",
    "Description",
    "documentLink"
   ],
   "values":[
    "",
    "off",
    "off",
    "off",
    "off",
    "--- None ---",
    "Auto",
    "",
    ""
   ],
   "tabs":[
    "Logging and accessibility",
    "Code Generation",
    "Documentation"
   ],
   "tabs_idx":[
    3,
    5,
    7
   ]
  },
  "viewer":{
   "jshandler":"webview/handlers/ElementHandler"
  },
  "obj_viewer":[
  ]
 }
]