[
 {
  "id":"AllinOne:91:30",
  "name":"Init",
  "parent":"AllinOne:91",
  "inspector":{
   "params":[
    "HasOutputData",
    "InlineOption",
    "LabelString",
    "onDuring",
    "onEntry",
    "onExit",
    "DataLogging",
    "TestPoint",
    "Description",
    "Document"
   ],
   "values":[
    0,
    "Auto",
    "Init\nen:\nCoffeeAmount = 0;\nMilkAmount = 0;\nSugarAmount = 0;\nWaterAmount = 0;\nNextStep = 0;\n",
    0,
    0,
    0,
    0,
    0,
    "",
    ""
   ],
   "tabs":[
    "General",
    "Logging",
    "Documentation"
   ],
   "tabs_idx":[
    0,
    6,
    8
   ]
  },
  "viewer":{
   "jshandler":"webview/handlers/ElementHandler"
  },
  "obj_viewer":[
  ]
 },
 {
  "id":"AllinOne:91:31",
  "name":"",
  "parent":"AllinOne:91",
  "inspector":{
   "params":[
    "WhenTested",
    "WhenValid",
    "ExecutionOrder",
    "LabelString",
    "Description",
    "Document"
   ],
   "values":[
    0,
    0,
    1,
    "",
    "",
    ""
   ],
   "tabs":[
   ],
   "tabs_idx":[
   ]
  },
  "viewer":{
   "jshandler":"webview/handlers/ElementHandler"
  },
  "obj_viewer":[
  ]
 }
]