[
 {
  "id":"AllinOne:256:8",
  "name":"Transmiting",
  "parent":"AllinOne:256",
  "inspector":{
   "params":[
    "HasOutputData",
    "InlineOption",
    "LabelString",
    "onDuring",
    "onEntry",
    "onExit",
    "DataLogging",
    "TestPoint",
    "NameMode",
    "LimitDataPoints",
    "DecimateData",
    "Description",
    "Document"
   ],
   "values":[
    0,
    "Auto",
    "Transmiting\nentry: TargetAmount = SettingAmount; RemainLiquid = TargetAmount / 3;\nexit: RemainLiquid = 0;",
    0,
    0,
    0,
    1,
    0,
    "SignalName",
    0,
    0,
    "",
    ""
   ],
   "tabs":[
    "General",
    "Logging",
    "Documentation"
   ],
   "tabs_idx":[
    0,
    6,
    11
   ]
  },
  "viewer":{
   "jshandler":"webview/handlers/ElementHandler"
  },
  "obj_viewer":[
  ]
 },
 {
  "id":"AllinOne:256:15",
  "name":"Finish",
  "parent":"AllinOne:256",
  "inspector":{
   "params":[
    "HasOutputData",
    "InlineOption",
    "LabelString",
    "onDuring",
    "onEntry",
    "onExit",
    "DataLogging",
    "TestPoint",
    "Description",
    "Document"
   ],
   "values":[
    0,
    "Auto",
    "Finish\n",
    0,
    0,
    0,
    0,
    0,
    "",
    ""
   ],
   "tabs":[
    "General",
    "Logging",
    "Documentation"
   ],
   "tabs_idx":[
    0,
    6,
    8
   ]
  },
  "viewer":{
   "jshandler":"webview/handlers/ElementHandler"
  },
  "obj_viewer":[
  ]
 },
 {
  "id":"AllinOne:256:6",
  "name":"Ready",
  "parent":"AllinOne:256",
  "inspector":{
   "params":[
    "HasOutputData",
    "InlineOption",
    "LabelString",
    "onDuring",
    "onEntry",
    "onExit",
    "DataLogging",
    "TestPoint",
    "Description",
    "Document"
   ],
   "values":[
    0,
    "Auto",
    "Ready",
    0,
    0,
    0,
    0,
    0,
    "",
    ""
   ],
   "tabs":[
    "General",
    "Logging",
    "Documentation"
   ],
   "tabs_idx":[
    0,
    6,
    8
   ]
  },
  "viewer":{
   "jshandler":"webview/handlers/ElementHandler"
  },
  "obj_viewer":[
  ]
 },
 {
  "id":"AllinOne:256:10",
  "name":"[TargetAmount - OutLiquid <= 0] { send(ClearIntegratorEvent); }",
  "parent":"AllinOne:256",
  "inspector":{
   "params":[
    "WhenTested",
    "WhenValid",
    "ExecutionOrder",
    "LabelString",
    "Description",
    "Document"
   ],
   "values":[
    0,
    0,
    1,
    "[TargetAmount - OutLiquid <= 0]\n{\n\tsend(ClearIntegratorEvent);\n}",
    "",
    ""
   ],
   "tabs":[
   ],
   "tabs_idx":[
   ]
  },
  "viewer":{
   "jshandler":"webview/handlers/ElementHandler"
  },
  "obj_viewer":[
  ]
 },
 {
  "id":"AllinOne:256:16",
  "name":"[after(5, Tick) && SettingAmount==0] { send(ClearIntegratorEvent); }",
  "parent":"AllinOne:256",
  "inspector":{
   "params":[
    "WhenTested",
    "WhenValid",
    "ExecutionOrder",
    "LabelString",
    "Description",
    "Document"
   ],
   "values":[
    0,
    0,
    1,
    "[after(5, Tick) && SettingAmount==0]\n{\n\tsend(ClearIntegratorEvent);\n}",
    "",
    ""
   ],
   "tabs":[
   ],
   "tabs_idx":[
   ]
  },
  "viewer":{
   "jshandler":"webview/handlers/ElementHandler"
  },
  "obj_viewer":[
  ]
 },
 {
  "id":"AllinOne:256:12",
  "name":"",
  "parent":"AllinOne:256",
  "inspector":{
   "params":[
    "WhenTested",
    "WhenValid",
    "ExecutionOrder",
    "LabelString",
    "Description",
    "Document"
   ],
   "values":[
    0,
    0,
    1,
    "",
    "",
    ""
   ],
   "tabs":[
   ],
   "tabs_idx":[
   ]
  },
  "viewer":{
   "jshandler":"webview/handlers/ElementHandler"
  },
  "obj_viewer":[
  ]
 },
 {
  "id":"AllinOne:256:9",
  "name":"[SettingAmount > 0]",
  "parent":"AllinOne:256",
  "inspector":{
   "params":[
    "WhenTested",
    "WhenValid",
    "ExecutionOrder",
    "LabelString",
    "Description",
    "Document"
   ],
   "values":[
    0,
    0,
    1,
    "[SettingAmount > 0]",
    "",
    ""
   ],
   "tabs":[
   ],
   "tabs_idx":[
   ]
  },
  "viewer":{
   "jshandler":"webview/handlers/ElementHandler"
  },
  "obj_viewer":[
  ]
 }
]