[
 {
  "id":"AllinOne:282:8",
  "name":"PutaCup",
  "parent":"AllinOne:282",
  "inspector":{
   "params":[
    "InlineOption",
    "LabelString",
    "onDuring",
    "onEntry",
    "onExit",
    "DataLogging",
    "TestPoint",
    "Description",
    "Document"
   ],
   "values":[
    "Auto",
    "PutaCup\nentry:\nsend(FeedFinishEvent);\nJustaCup = 1;\nCupAmount = CupAmount - 1;\nCupRemain = (CupAmount > 0);\nexit:\nJustaCup = 0;\nsend(FeedFinishEvent);",
    0,
    0,
    0,
    0,
    0,
    "",
    ""
   ],
   "tabs":[
    "General",
    "Logging",
    "Documentation"
   ],
   "tabs_idx":[
    0,
    5,
    7
   ]
  },
  "viewer":{
   "jshandler":"webview/handlers/ElementHandler"
  },
  "obj_viewer":[
  ]
 },
 {
  "id":"AllinOne:282:5",
  "name":"Ready",
  "parent":"AllinOne:282",
  "inspector":{
   "params":[
    "InlineOption",
    "LabelString",
    "onDuring",
    "onEntry",
    "onExit",
    "DataLogging",
    "TestPoint",
    "Description",
    "Document"
   ],
   "values":[
    "Auto",
    "Ready",
    0,
    0,
    0,
    0,
    0,
    "",
    ""
   ],
   "tabs":[
    "General",
    "Logging",
    "Documentation"
   ],
   "tabs_idx":[
    0,
    5,
    7
   ]
  },
  "viewer":{
   "jshandler":"webview/handlers/ElementHandler"
  },
  "obj_viewer":[
  ]
 },
 {
  "id":"AllinOne:282:7",
  "name":"NeedCupEvent[CupRemain > 0]",
  "parent":"AllinOne:282",
  "inspector":{
   "params":[
    "WhenTested",
    "WhenValid",
    "ExecutionOrder",
    "LabelString",
    "Description",
    "Document"
   ],
   "values":[
    0,
    0,
    1,
    "NeedCupEvent[CupRemain > 0]",
    "",
    ""
   ],
   "tabs":[
   ],
   "tabs_idx":[
   ]
  },
  "viewer":{
   "jshandler":"webview/handlers/ElementHandler"
  },
  "obj_viewer":[
  ]
 },
 {
  "id":"AllinOne:282:18",
  "name":"after(5, Tick)",
  "parent":"AllinOne:282",
  "inspector":{
   "params":[
    "WhenTested",
    "WhenValid",
    "ExecutionOrder",
    "LabelString",
    "Description",
    "Document"
   ],
   "values":[
    0,
    0,
    1,
    "after(5, Tick)",
    "",
    ""
   ],
   "tabs":[
   ],
   "tabs_idx":[
   ]
  },
  "viewer":{
   "jshandler":"webview/handlers/ElementHandler"
  },
  "obj_viewer":[
  ]
 },
 {
  "id":"AllinOne:282:6",
  "name":"{ CupAmount = 10; CupRemain = (CupAmount > 0); JustaCup = 0; }",
  "parent":"AllinOne:282",
  "inspector":{
   "params":[
    "WhenTested",
    "WhenValid",
    "ExecutionOrder",
    "LabelString",
    "Description",
    "Document"
   ],
   "values":[
    0,
    0,
    1,
    "{\n\tCupAmount = 10;\n\tCupRemain = (CupAmount > 0);\n\tJustaCup = 0;\n}",
    "",
    ""
   ],
   "tabs":[
   ],
   "tabs_idx":[
   ]
  },
  "viewer":{
   "jshandler":"webview/handlers/ElementHandler"
  },
  "obj_viewer":[
  ]
 }
]