{
 "index":{
  "map":{
   "AllinOne":0,
   "AllinOne:2":0,
   "AllinOne:6":0,
   "AllinOne:11":0,
   "AllinOne:18":0,
   "AllinOne:24":0,
   "AllinOne:48":0,
   "AllinOne:54":0,
   "AllinOne:59":0,
   "AllinOne:69":0,
   "AllinOne:74":0,
   "AllinOne:91":0,
   "AllinOne:100":0,
   "AllinOne:101":0,
   "AllinOne:102":0,
   "AllinOne:103":0,
   "AllinOne:403":0,
   "AllinOne:407":0,
   "AllinOne:406":0,
   "AllinOne:408":0,
   "AllinOne:409":0,
   "AllinOne:54#out:2":0,
   "AllinOne:48#out:2":0,
   "AllinOne:59#out:2":0,
   "AllinOne:91#out:1":0,
   "AllinOne:54#out:1":0,
   "AllinOne:18#out:3":0,
   "AllinOne:48#out:1":0,
   "AllinOne:91#out:2":0,
   "AllinOne:11#out:3":0,
   "AllinOne:24#out:3":0,
   "AllinOne:59#out:1":0,
   "AllinOne:91#out:3":0,
   "AllinOne:91#out:6":0,
   "AllinOne:2#out:3":0,
   "AllinOne:91#out:4":0,
   "AllinOne:69#out:3":0,
   "AllinOne:69#out:2":0,
   "AllinOne:91#out:5":0,
   "AllinOne:2#out:1":0,
   "AllinOne:6#out:1":0,
   "AllinOne:74#out:1":0,
   "AllinOne:11#out:1":0,
   "AllinOne:18#out:1":0,
   "AllinOne:69#out:1":0,
   "AllinOne:24#out:1":0,
   "AllinOne:403#out:1":0,
   "AllinOne:101#out:1":0,
   "AllinOne:102#out:1":0,
   "AllinOne:103#out:1":0,
   "AllinOne:18#out:2":0,
   "AllinOne:11#out:2":0,
   "AllinOne:6#out:2":0,
   "AllinOne:2#out:2":0,
   "AllinOne:74#out:2":0,
   "AllinOne:24#out:2":0,
   "AllinOne:407#out:1":0,
   "AllinOne:406#out:1":0,
   "AllinOne:408#out:1":0,
   "AllinOne:409#out:1":0,
   "AllinOne:381":1,
   "AllinOne:401":1,
   "AllinOne:380":1,
   "AllinOne:382":1,
   "AllinOne:379":1,
   "AllinOne:402":1,
   "AllinOne:384":1,
   "AllinOne:400":1,
   "AllinOne:385":1,
   "AllinOne:388":1,
   "AllinOne:389":1,
   "AllinOne:390":1,
   "AllinOne:391":1,
   "AllinOne:386":1,
   "AllinOne:398":1,
   "AllinOne:392":1,
   "AllinOne:393":1,
   "AllinOne:399":1,
   "AllinOne:387":1,
   "AllinOne:383":1,
   "AllinOne:394":1,
   "AllinOne:395":1,
   "AllinOne:396":1,
   "AllinOne:397":1,
   "AllinOne:400#out:1":1,
   "AllinOne:385#out:1":1,
   "AllinOne:382#out:1":1,
   "AllinOne:386#out:1":1,
   "AllinOne:381#out:1":1,
   "AllinOne:380#out:1":1,
   "AllinOne:384#out:2":1,
   "AllinOne:395#out:1":1,
   "AllinOne:398#out:1":1,
   "AllinOne:396#out:1":1,
   "AllinOne:397#out:1":1,
   "AllinOne:383#out:1":1,
   "AllinOne:384#out:1":1,
   "AllinOne:379#out:1":1,
   "AllinOne:391#out:1":1,
   "AllinOne:399#out:1":1,
   "AllinOne:386#out:2":1,
   "AllinOne:392#out:1":1,
   "AllinOne:393#out:1":1,
   "AllinOne:387#out:1":1,
   "AllinOne:394#out:1":1,
   "AllinOne:388#out:1":1,
   "AllinOne:389#out:1":1,
   "AllinOne:390#out:1":1,
   "AllinOne:384:58":2,
   "AllinOne:384:73":2,
   "AllinOne:384:59":2,
   "AllinOne:384:63":2,
   "AllinOne:384:67":2,
   "AllinOne:384:69":2,
   "AllinOne:384:74":2,
   "AllinOne:384:64":2,
   "AllinOne:384:68":2,
   "AllinOne:384:60":2,
   "AllinOne:384:34":2,
   "AllinOne:384:41":2,
   "AllinOne:384:36":2,
   "AllinOne:384:35":2,
   "AllinOne:384:37":2,
   "AllinOne:384:38":2,
   "AllinOne:384:39":2,
   "AllinOne:384:40":2,
   "AllinOne:384:50":2,
   "AllinOne:384:55":2,
   "AllinOne:384:56":2,
   "AllinOne:384:57":2,
   "AllinOne:384:52":2,
   "AllinOne:384:53":2,
   "AllinOne:384:54":2,
   "AllinOne:384:51":2,
   "AllinOne:384:42":2,
   "AllinOne:384:48":2,
   "AllinOne:384:46":2,
   "AllinOne:384:47":2,
   "AllinOne:384:49":2,
   "AllinOne:384:43":2,
   "AllinOne:384:45":2,
   "AllinOne:384:44":2,
   "AllinOne:384:26":2,
   "AllinOne:384:29":2,
   "AllinOne:384:28":2,
   "AllinOne:384:27":2,
   "AllinOne:384:33":2,
   "AllinOne:384:32":2,
   "AllinOne:384:30":2,
   "AllinOne:384:31":2,
   "AllinOne:57":3,
   "AllinOne:58":3,
   "AllinOne:55":3,
   "AllinOne:127":3,
   "AllinOne:140":3,
   "AllinOne:138":3,
   "AllinOne:135":3,
   "AllinOne:134":3,
   "AllinOne:136":3,
   "AllinOne:137":3,
   "AllinOne:133":3,
   "AllinOne:139":3,
   "AllinOne:140#out:1":3,
   "AllinOne:135#out:1":3,
   "AllinOne:134#out:1":3,
   "AllinOne:137#out:1":3,
   "AllinOne:138#out:1":3,
   "AllinOne:133#out:1":3,
   "AllinOne:136#out:1":3,
   "AllinOne:139#out:1":3,
   "AllinOne:127#out:1":3,
   "AllinOne:55#out:1":3,
   "AllinOne:256":4,
   "AllinOne:254":4,
   "AllinOne:260":4,
   "AllinOne:261":4,
   "AllinOne:255":4,
   "AllinOne:262":4,
   "AllinOne:258":4,
   "AllinOne:259":4,
   "AllinOne:257":4,
   "AllinOne:410":4,
   "AllinOne:255#out:1":4,
   "AllinOne:256#out:1":4,
   "AllinOne:254#out:1":4,
   "AllinOne:256#out:2":4,
   "AllinOne:258#out:1":4,
   "AllinOne:259#out:1":4,
   "AllinOne:257#out:1":4,
   "AllinOne:410#out:1":4,
   "AllinOne:256:8":5,
   "AllinOne:256:15":5,
   "AllinOne:256:6":5,
   "AllinOne:256:10":5,
   "AllinOne:256:16":5,
   "AllinOne:256:12":5,
   "AllinOne:256:9":5,
   "AllinOne:91:30":6,
   "AllinOne:91:31":6,
   "AllinOne:369":7,
   "AllinOne:378":7,
   "AllinOne:370":7,
   "AllinOne:371":7,
   "AllinOne:374":7,
   "AllinOne:376":7,
   "AllinOne:375":7,
   "AllinOne:373":7,
   "AllinOne:372":7,
   "AllinOne:377":7,
   "AllinOne:376#out:1":7,
   "AllinOne:375#out:1":7,
   "AllinOne:374#out:3":7,
   "AllinOne:371#out:1":7,
   "AllinOne:370#out:1":7,
   "AllinOne:369#out:1":7,
   "AllinOne:374#out:1":7,
   "AllinOne:373#out:1":7,
   "AllinOne:373#out:2":7,
   "AllinOne:373#out:3":7,
   "AllinOne:373#out:4":7,
   "AllinOne:374#out:2":7,
   "AllinOne:372#out:1":7,
   "AllinOne:374:130":8,
   "AllinOne:374:128":8,
   "AllinOne:374:125":8,
   "AllinOne:374:123":8,
   "AllinOne:374:119":8,
   "AllinOne:374:120":8,
   "AllinOne:374:126":8,
   "AllinOne:374:124":8,
   "AllinOne:374:115":8,
   "AllinOne:374:122":8,
   "AllinOne:374:127":8,
   "AllinOne:374:121":8,
   "AllinOne:374:129":8,
   "AllinOne:374:137":8,
   "AllinOne:374:139":8,
   "AllinOne:374:142":8,
   "AllinOne:374:138":8,
   "AllinOne:374:140":8,
   "AllinOne:374:141":8,
   "AllinOne:374:131":8,
   "AllinOne:374:134":8,
   "AllinOne:374:132":8,
   "AllinOne:374:133":8,
   "AllinOne:374:136":8,
   "AllinOne:374:135":8,
   "AllinOne:282":9,
   "AllinOne:281":9,
   "AllinOne:288":9,
   "AllinOne:287":9,
   "AllinOne:286":9,
   "AllinOne:285":9,
   "AllinOne:283":9,
   "AllinOne:284":9,
   "AllinOne:282#out:1":9,
   "AllinOne:282#out:2":9,
   "AllinOne:282#out:3":9,
   "AllinOne:281#out:1":9,
   "AllinOne:285#out:1":9,
   "AllinOne:284#out:1":9,
   "AllinOne:283#out:1":9,
   "AllinOne:282:8":10,
   "AllinOne:282:5":10,
   "AllinOne:282:7":10,
   "AllinOne:282:18":10,
   "AllinOne:282:6":10,
   "AllinOne:342":11,
   "AllinOne:344":11,
   "AllinOne:318":11,
   "AllinOne:326":11,
   "AllinOne:335":11,
   "AllinOne:328":11,
   "AllinOne:336":11,
   "AllinOne:337":11,
   "AllinOne:324":11,
   "AllinOne:338":11,
   "AllinOne:325":11,
   "AllinOne:320":11,
   "AllinOne:316":11,
   "AllinOne:341":11,
   "AllinOne:331":11,
   "AllinOne:314":11,
   "AllinOne:322":11,
   "AllinOne:317":11,
   "AllinOne:323":11,
   "AllinOne:334":11,
   "AllinOne:343":11,
   "AllinOne:312":11,
   "AllinOne:329":11,
   "AllinOne:327":11,
   "AllinOne:333":11,
   "AllinOne:340":11,
   "AllinOne:339":11,
   "AllinOne:315":11,
   "AllinOne:321":11,
   "AllinOne:332":11,
   "AllinOne:330":11,
   "AllinOne:313":11,
   "AllinOne:319":11,
   "AllinOne:326#out:1":11,
   "AllinOne:336#out:1":11,
   "AllinOne:337#out:1":11,
   "AllinOne:338#out:1":11,
   "AllinOne:318#out:1":11,
   "AllinOne:324#out:1":11,
   "AllinOne:325#out:1":11,
   "AllinOne:341#out:1":11,
   "AllinOne:320#out:1":11,
   "AllinOne:331#out:1":11,
   "AllinOne:322#out:1":11,
   "AllinOne:317#out:1":11,
   "AllinOne:328#out:1":11,
   "AllinOne:314#out:2":11,
   "AllinOne:334#out:1":11,
   "AllinOne:314#out:1":11,
   "AllinOne:323#out:1":11,
   "AllinOne:335#out:1":11,
   "AllinOne:327#out:1":11,
   "AllinOne:312#out:1":11,
   "AllinOne:329#out:1":11,
   "AllinOne:333#out:1":11,
   "AllinOne:340#out:1":11,
   "AllinOne:339#out:1":11,
   "AllinOne:315#out:1":11,
   "AllinOne:332#out:1":11,
   "AllinOne:321#out:1":11,
   "AllinOne:330#out:1":11,
   "AllinOne:313#out:1":11,
   "AllinOne:316#out:1":11,
   "AllinOne:319#out:1":11,
   "AllinOne:314:1":12,
   "AllinOne:314:3":12,
   "AllinOne:314:2":12,
   "AllinOne:314:11":12,
   "AllinOne:314:10":12,
   "AllinOne:314:12":12,
   "AllinOne:314:16":12,
   "AllinOne:314:18":12,
   "AllinOne:314:17":12,
   "AllinOne:314:15":12,
   "AllinOne:314:13":12,
   "AllinOne:314:14":12,
   "AllinOne:52":13,
   "AllinOne:53":13,
   "AllinOne:50":13,
   "AllinOne:177":13,
   "AllinOne:180":13,
   "AllinOne:178":13,
   "AllinOne:174":13,
   "AllinOne:173":13,
   "AllinOne:175":13,
   "AllinOne:176":13,
   "AllinOne:172":13,
   "AllinOne:179":13,
   "AllinOne:180#out:1":13,
   "AllinOne:174#out:1":13,
   "AllinOne:173#out:1":13,
   "AllinOne:176#out:1":13,
   "AllinOne:177#out:1":13,
   "AllinOne:178#out:1":13,
   "AllinOne:172#out:1":13,
   "AllinOne:50#out:1":13,
   "AllinOne:175#out:1":13,
   "AllinOne:179#out:1":13,
   "AllinOne:265":14,
   "AllinOne:263":14,
   "AllinOne:269":14,
   "AllinOne:270":14,
   "AllinOne:264":14,
   "AllinOne:271":14,
   "AllinOne:267":14,
   "AllinOne:268":14,
   "AllinOne:266":14,
   "AllinOne:411":14,
   "AllinOne:264#out:1":14,
   "AllinOne:265#out:1":14,
   "AllinOne:263#out:1":14,
   "AllinOne:265#out:2":14,
   "AllinOne:267#out:1":14,
   "AllinOne:268#out:1":14,
   "AllinOne:266#out:1":14,
   "AllinOne:411#out:1":14,
   "AllinOne:265:8":15,
   "AllinOne:265:15":15,
   "AllinOne:265:6":15,
   "AllinOne:265:10":15,
   "AllinOne:265:9":15,
   "AllinOne:265:12":15,
   "AllinOne:265:16":15,
   "AllinOne:62":16,
   "AllinOne:63":16,
   "AllinOne:60":16,
   "AllinOne:213":16,
   "AllinOne:216":16,
   "AllinOne:214":16,
   "AllinOne:210":16,
   "AllinOne:209":16,
   "AllinOne:211":16,
   "AllinOne:212":16,
   "AllinOne:208":16,
   "AllinOne:215":16,
   "AllinOne:216#out:1":16,
   "AllinOne:210#out:1":16,
   "AllinOne:209#out:1":16,
   "AllinOne:212#out:1":16,
   "AllinOne:213#out:1":16,
   "AllinOne:214#out:1":16,
   "AllinOne:208#out:1":16,
   "AllinOne:60#out:1":16,
   "AllinOne:211#out:1":16,
   "AllinOne:215#out:1":16,
   "AllinOne:274":17,
   "AllinOne:272":17,
   "AllinOne:278":17,
   "AllinOne:279":17,
   "AllinOne:273":17,
   "AllinOne:280":17,
   "AllinOne:276":17,
   "AllinOne:277":17,
   "AllinOne:275":17,
   "AllinOne:412":17,
   "AllinOne:273#out:1":17,
   "AllinOne:274#out:1":17,
   "AllinOne:272#out:1":17,
   "AllinOne:274#out:2":17,
   "AllinOne:276#out:1":17,
   "AllinOne:277#out:1":17,
   "AllinOne:275#out:1":17,
   "AllinOne:412#out:1":17,
   "AllinOne:274:8":18,
   "AllinOne:274:15":18,
   "AllinOne:274:6":18,
   "AllinOne:274:9":18,
   "AllinOne:274:16":18,
   "AllinOne:274:12":18,
   "AllinOne:274:10":18
  },
  "url":[
   "support/slwebview_files/AllinOne.json",
   "support/slwebview_files/AllinOne_74.json",
   "support/slwebview_files/AllinOne_384.json",
   "support/slwebview_files/AllinOne_54.json",
   "support/slwebview_files/AllinOne_18.json",
   "support/slwebview_files/AllinOne_256.json",
   "support/slwebview_files/AllinOne_91.json",
   "support/slwebview_files/AllinOne_6.json",
   "support/slwebview_files/AllinOne_374.json",
   "support/slwebview_files/AllinOne_2.json",
   "support/slwebview_files/AllinOne_282.json",
   "support/slwebview_files/AllinOne_69.json",
   "support/slwebview_files/AllinOne_314.json",
   "support/slwebview_files/AllinOne_48.json",
   "support/slwebview_files/AllinOne_11.json",
   "support/slwebview_files/AllinOne_265.json",
   "support/slwebview_files/AllinOne_59.json",
   "support/slwebview_files/AllinOne_24.json",
   "support/slwebview_files/AllinOne_274.json"
  ]
 },
 "homeHid":"1",
 "hasInformer":0,
 "optViews":[
 ],
 "hier":[
  {
   "name":"AllinOne",
   "fullname":"AllinOne",
   "sid":"AllinOne",
   "icon":"ModelBrowser_ModelTop_16",
   "hid":"1",
   "lid":"AllinOne",
   "parent":"root",
   "src":"support/slwebview_files/AllinOne.svg",
   "thumbnail":"support/slwebview_files/AllinOne.png"
  },
  {
   "name":"Brewing Assembly",
   "fullname":"AllinOne/Brewing Assembly",
   "sid":"AllinOne:74",
   "icon":"ModelBrowser_Subsystem_16",
   "hid":"2",
   "lid":"AllinOne:74/AllinOne:74",
   "parent":"1",
   "src":"support/slwebview_files/AllinOne_74.svg",
   "thumbnail":"support/slwebview_files/AllinOne_74.png"
  },
  {
   "name":"Chart",
   "fullname":"AllinOne/Brewing Assembly/Chart",
   "sid":"AllinOne:384",
   "icon":"ModelBrowser_ChartSubchart_16",
   "hid":"3",
   "lid":"AllinOne:384/AllinOne:384",
   "parent":"2",
   "src":"support/slwebview_files/AllinOne_384.svg",
   "thumbnail":"support/slwebview_files/AllinOne_384.png"
  },
  {
   "name":"Coffee Container",
   "fullname":"AllinOne/Coffee Container",
   "sid":"AllinOne:54",
   "icon":"ModelBrowser_Subsystem_16",
   "hid":"4",
   "lid":"AllinOne:54/AllinOne:54",
   "parent":"1",
   "src":"support/slwebview_files/AllinOne_54.svg",
   "thumbnail":"support/slwebview_files/AllinOne_54.png"
  },
  {
   "name":"Coffee Doser",
   "fullname":"AllinOne/Coffee Doser",
   "sid":"AllinOne:18",
   "icon":"ModelBrowser_Subsystem_16",
   "hid":"5",
   "lid":"AllinOne:18/AllinOne:18",
   "parent":"1",
   "src":"support/slwebview_files/AllinOne_18.svg",
   "thumbnail":"support/slwebview_files/AllinOne_18.png"
  },
  {
   "name":"Chart",
   "fullname":"AllinOne/Coffee Doser/Chart",
   "sid":"AllinOne:256",
   "icon":"ModelBrowser_ChartSubchart_16",
   "hid":"6",
   "lid":"AllinOne:256/AllinOne:256",
   "parent":"5",
   "src":"support/slwebview_files/AllinOne_256.svg",
   "thumbnail":"support/slwebview_files/AllinOne_256.png"
  },
  {
   "name":"Control System",
   "fullname":"AllinOne/Control System",
   "sid":"AllinOne:91",
   "icon":"ModelBrowser_ChartSubchart_16",
   "hid":"7",
   "lid":"AllinOne:91/AllinOne:91",
   "parent":"1",
   "src":"support/slwebview_files/AllinOne_91.svg",
   "thumbnail":"support/slwebview_files/AllinOne_91.png"
  },
  {
   "name":"Conveyor Belt",
   "fullname":"AllinOne/Conveyor Belt",
   "sid":"AllinOne:6",
   "icon":"ModelBrowser_Subsystem_16",
   "hid":"8",
   "lid":"AllinOne:6/AllinOne:6",
   "parent":"1",
   "src":"support/slwebview_files/AllinOne_6.svg",
   "thumbnail":"support/slwebview_files/AllinOne_6.png"
  },
  {
   "name":"Chart",
   "fullname":"AllinOne/Conveyor Belt/Chart",
   "sid":"AllinOne:374",
   "icon":"ModelBrowser_ChartSubchart_16",
   "hid":"9",
   "lid":"AllinOne:374/AllinOne:374",
   "parent":"8",
   "src":"support/slwebview_files/AllinOne_374.svg",
   "thumbnail":"support/slwebview_files/AllinOne_374.png"
  },
  {
   "name":"Cup Feeder",
   "fullname":"AllinOne/Cup Feeder",
   "sid":"AllinOne:2",
   "icon":"ModelBrowser_Subsystem_16",
   "hid":"10",
   "lid":"AllinOne:2/AllinOne:2",
   "parent":"1",
   "src":"support/slwebview_files/AllinOne_2.svg",
   "thumbnail":"support/slwebview_files/AllinOne_2.png"
  },
  {
   "name":"Chart",
   "fullname":"AllinOne/Cup Feeder/Chart",
   "sid":"AllinOne:282",
   "icon":"ModelBrowser_ChartSubchart_16",
   "hid":"11",
   "lid":"AllinOne:282/AllinOne:282",
   "parent":"10",
   "src":"support/slwebview_files/AllinOne_282.svg",
   "thumbnail":"support/slwebview_files/AllinOne_282.png"
  },
  {
   "name":"Heater",
   "fullname":"AllinOne/Heater",
   "sid":"AllinOne:69",
   "icon":"ModelBrowser_Subsystem_16",
   "hid":"12",
   "lid":"AllinOne:69/AllinOne:69",
   "parent":"1",
   "src":"support/slwebview_files/AllinOne_69.svg",
   "thumbnail":"support/slwebview_files/AllinOne_69.png"
  },
  {
   "name":"Chart",
   "fullname":"AllinOne/Heater/Chart",
   "sid":"AllinOne:314",
   "icon":"ModelBrowser_ChartSubchart_16",
   "hid":"13",
   "lid":"AllinOne:314/AllinOne:314",
   "parent":"12",
   "src":"support/slwebview_files/AllinOne_314.svg",
   "thumbnail":"support/slwebview_files/AllinOne_314.png"
  },
  {
   "name":"Milk Container",
   "fullname":"AllinOne/Milk Container",
   "sid":"AllinOne:48",
   "icon":"ModelBrowser_Subsystem_16",
   "hid":"14",
   "lid":"AllinOne:48/AllinOne:48",
   "parent":"1",
   "src":"support/slwebview_files/AllinOne_48.svg",
   "thumbnail":"support/slwebview_files/AllinOne_48.png"
  },
  {
   "name":"Milk Doser",
   "fullname":"AllinOne/Milk Doser",
   "sid":"AllinOne:11",
   "icon":"ModelBrowser_Subsystem_16",
   "hid":"15",
   "lid":"AllinOne:11/AllinOne:11",
   "parent":"1",
   "src":"support/slwebview_files/AllinOne_11.svg",
   "thumbnail":"support/slwebview_files/AllinOne_11.png"
  },
  {
   "name":"Chart",
   "fullname":"AllinOne/Milk Doser/Chart",
   "sid":"AllinOne:265",
   "icon":"ModelBrowser_ChartSubchart_16",
   "hid":"16",
   "lid":"AllinOne:265/AllinOne:265",
   "parent":"15",
   "src":"support/slwebview_files/AllinOne_265.svg",
   "thumbnail":"support/slwebview_files/AllinOne_265.png"
  },
  {
   "name":"Sugar Container",
   "fullname":"AllinOne/Sugar Container",
   "sid":"AllinOne:59",
   "icon":"ModelBrowser_Subsystem_16",
   "hid":"17",
   "lid":"AllinOne:59/AllinOne:59",
   "parent":"1",
   "src":"support/slwebview_files/AllinOne_59.svg",
   "thumbnail":"support/slwebview_files/AllinOne_59.png"
  },
  {
   "name":"Sugar Doser",
   "fullname":"AllinOne/Sugar Doser",
   "sid":"AllinOne:24",
   "icon":"ModelBrowser_Subsystem_16",
   "hid":"18",
   "lid":"AllinOne:24/AllinOne:24",
   "parent":"1",
   "src":"support/slwebview_files/AllinOne_24.svg",
   "thumbnail":"support/slwebview_files/AllinOne_24.png"
  },
  {
   "name":"Chart",
   "fullname":"AllinOne/Sugar Doser/Chart",
   "sid":"AllinOne:274",
   "icon":"ModelBrowser_ChartSubchart_16",
   "hid":"19",
   "lid":"AllinOne:274/AllinOne:274",
   "parent":"18",
   "src":"support/slwebview_files/AllinOne_274.svg",
   "thumbnail":"support/slwebview_files/AllinOne_274.png"
  }
 ]
}